trial_id,run_name,run_dir,model,RMSE,R2,seq_len,lr,batch_size,epochs,val_ratio,split_seed,dropout,mlp_hidden_sizes,deep_hidden_sizes,rnn_hidden_size,rnn_num_layers,lstm_hidden_size,lstm_num_layers,residual_hidden_size,residual_num_blocks,best_val_loss,best_epoch,final_val_loss,final_train_loss,final_ece,final_rmse,final_r2,final_val_accuracy,final_train_accuracy
1,h32_lr0.001,results/hyperparameter_tuning\residual_mlp\runs\h32_lr0.001,residual,280.40666792355955,-0.007101205474687289,50,0.001,128,20,0.2,42,0.0,,,32,1,32,1,32,3,78050.90364583333,10,78627.89802631579,76011.44668878424,38.13371069389477,280.40666792355955,-0.007101205474687289,0.0,0.001095890410958904
2,h32_lr0.01,results/hyperparameter_tuning\residual_mlp\runs\h32_lr0.01,residual,279.2930417158023,0.000882251092780284,50,0.01,128,20,0.2,42,0.0,,,32,1,32,1,32,3,77457.07154605263,5,78004.60060307017,77113.54909246575,35.62818466989618,279.2930417158023,0.000882251092780284,0.0021929824561403508,0.0032876712328767125
3,h32_lr0.0001,results/hyperparameter_tuning\residual_mlp\runs\h32_lr0.0001,residual,280.4391081964651,-0.007334242213974385,50,0.0001,128,20,0.2,42,0.0,,,32,1,32,1,32,3,78646.09183114035,20,78646.09183114035,83812.57866866438,39.77492456268846,280.4391081964651,-0.007334242213974385,0.0021929824561403508,0.0016438356164383563
4,h32_lr0.0005,results/hyperparameter_tuning\residual_mlp\runs\h32_lr0.0005,residual,278.9683593938433,0.0032038793805290178,50,0.0005,128,20,0.2,42,0.0,,,32,1,32,1,32,3,77615.05694901316,16,77823.34964364035,75242.12822773973,21.87656188429448,278.9683593938433,0.0032038793805290178,0.0021929824561403508,0.001095890410958904
5,h64_lr0.001,results/hyperparameter_tuning\residual_mlp\runs\h64_lr0.001,residual,282.53544951105334,-0.0224506014497019,50,0.001,128,20,0.2,42,0.0,,,64,1,64,1,64,3,79176.56291118421,5,79826.27823464913,72389.08203767124,41.024120464659575,282.53544951105334,-0.0224506014497019,0.0,0.001095890410958904
6,h64_lr0.01,results/hyperparameter_tuning\residual_mlp\runs\h64_lr0.01,residual,287.3021798646726,-0.057241700815040764,50,0.01,128,20,0.2,42,0.0,,,64,1,64,1,64,3,77557.96258223684,11,82542.54632675438,78920.35913527397,64.01983997278046,287.3021798646726,-0.057241700815040764,0.0,0.0027397260273972603
7,h64_lr0.0001,results/hyperparameter_tuning\residual_mlp\runs\h64_lr0.0001,residual,282.3295273190063,-0.0209607456250982,50,0.0001,128,20,0.2,42,0.0,,,64,1,64,1,64,3,79709.96724232456,20,79709.96724232456,79663.69582619863,41.23245660882247,282.3295273190063,-0.0209607456250982,0.0,0.000547945205479452
8,h64_lr0.0005,results/hyperparameter_tuning\residual_mlp\runs\h64_lr0.0005,residual,284.4136422053002,-0.03608954252701335,50,0.0005,128,20,0.2,42,0.0,,,64,1,64,1,64,3,77521.66125274122,4,80891.12081962719,72970.07523544521,58.67603924399928,284.4136422053002,-0.03608954252701335,0.0,0.0016438356164383563
9,h128_lr0.001,results/hyperparameter_tuning\residual_mlp\runs\h128_lr0.001,residual,325.5334297634555,-0.35733681977360243,50,0.001,128,20,0.2,42,0.0,,,128,1,128,1,128,3,78081.47484923246,8,105972.015625,31696.32864083904,125.01603096409846,325.5334297634555,-0.35733681977360243,0.0,0.0016438356164383563
10,h128_lr0.01,results/hyperparameter_tuning\residual_mlp\runs\h128_lr0.01,residual,278.62166652783475,0.0056799118990285,50,0.01,128,20,0.2,42,0.0,,,128,1,128,1,128,3,77349.23889802632,3,77630.03618421052,79353.3024400685,41.44828347992478,278.62166652783475,0.0056799118990285,0.0,0.001095890410958904
11,h128_lr0.0001,results/hyperparameter_tuning\residual_mlp\runs\h128_lr0.0001,residual,284.06681418351104,-0.03356416588046196,50,0.0001,128,20,0.2,42,0.0,,,128,1,128,1,128,3,79453.0703810307,19,80693.95504385965,73073.92168664384,49.751504596910976,284.06681418351104,-0.03356416588046196,0.0021929824561403508,0.000547945205479452
12,h128_lr0.0005,results/hyperparameter_tuning\residual_mlp\runs\h128_lr0.0005,residual,288.52168014238595,-0.06623601393018985,50,0.0005,128,20,0.2,42,0.0,,,128,1,128,1,128,3,77197.8904879386,8,83244.76356907895,52296.72560787671,63.422231239184995,288.52168014238595,-0.06623601393018985,0.0,0.000547945205479452
13,h256_lr0.001,results/hyperparameter_tuning\residual_mlp\runs\h256_lr0.001,residual,305.3080878487564,-0.1939140441428,50,0.001,128,20,0.2,42,0.0,,,256,1,256,1,256,3,76888.76418585527,5,93213.02672697368,28493.24927547089,107.8950200666461,305.3080878487564,-0.1939140441428,0.0021929824561403508,0.002191780821917808
14,h256_lr0.01,results/hyperparameter_tuning\residual_mlp\runs\h256_lr0.01,residual,279.2604764922512,0.0011152292993960033,50,0.01,128,20,0.2,42,0.0,,,256,1,256,1,256,3,76903.36595394737,6,77986.4102247807,79386.8399015411,36.11463586907638,279.2604764922512,0.0011152292993960033,0.0,0.0016438356164383563
15,h256_lr0.0001,results/hyperparameter_tuning\residual_mlp\runs\h256_lr0.0001,residual,285.0687577177546,-0.04086807599592013,50,0.0001,128,20,0.2,42,0.0,,,256,1,256,1,256,3,79501.74945175438,16,81264.19503837719,66955.96143835617,53.08241024351957,285.0687577177546,-0.04086807599592013,0.0021929824561403508,0.002191780821917808
16,h256_lr0.0005,results/hyperparameter_tuning\residual_mlp\runs\h256_lr0.0005,residual,304.2063007699779,-0.1853124671793116,50,0.0005,128,20,0.2,42,0.0,,,256,1,256,1,256,3,78186.93626644737,6,92541.47478070176,22602.48622217466,105.75369965402703,304.2063007699779,-0.1853124671793116,0.0021929824561403508,0.0016438356164383563
